step	status	duration_s	peak_rss_mb	pct_cpu
SAMPLESHEET_CHECK	COMPLETED	14.0	185.9	31.7
SDRF_PARSING	COMPLETED	19.9	104.2	50.6
INSILICO_LIBRARY_GENERATION	COMPLETED	1675.0	11571.2	752.0
PRELIMINARY_ANALYSIS	COMPLETED	1928.0	14540.8	1102.5
PRELIMINARY_ANALYSIS	COMPLETED	2102.0	18124.8	1106.5
PRELIMINARY_ANALYSIS	COMPLETED	2212.0	17100.8	1106.8
PRELIMINARY_ANALYSIS	COMPLETED	2253.0	18739.2	1109.8
PRELIMINARY_ANALYSIS	COMPLETED	2277.0	16896.0	1112.2
PRELIMINARY_ANALYSIS	COMPLETED	2363.0	19046.4	1121.0
PRELIMINARY_ANALYSIS	COMPLETED	2363.0	18329.6	1095.8
PRELIMINARY_ANALYSIS	COMPLETED	2366.0	15667.2	1096.3
PRELIMINARY_ANALYSIS	COMPLETED	2397.0	16076.8	1112.0
PRELIMINARY_ANALYSIS	COMPLETED	2502.0	18227.2	1118.5
PRELIMINARY_ANALYSIS	COMPLETED	2541.0	16384.0	1105.4
PRELIMINARY_ANALYSIS	COMPLETED	2582.0	15667.2	1115.4
PRELIMINARY_ANALYSIS	COMPLETED	2586.0	14848.0	1109.5
PRELIMINARY_ANALYSIS	COMPLETED	2607.0	18841.6	1122.6
PRELIMINARY_ANALYSIS	COMPLETED	2636.0	16179.2	1114.4
PRELIMINARY_ANALYSIS	COMPLETED	2688.0	19251.2	1126.8
PRELIMINARY_ANALYSIS	COMPLETED	2702.0	18841.6	1120.5
PRELIMINARY_ANALYSIS	COMPLETED	2797.0	20787.2	1120.1
PRELIMINARY_ANALYSIS	COMPLETED	2797.0	17305.6	1115.9
PRELIMINARY_ANALYSIS	COMPLETED	2932.0	18329.6	1109.1
PRELIMINARY_ANALYSIS	COMPLETED	2957.0	18534.4	1129.6
PRELIMINARY_ANALYSIS	COMPLETED	2976.0	18432.0	1118.1
PRELIMINARY_ANALYSIS	COMPLETED	3039.0	17612.8	1104.1
PRELIMINARY_ANALYSIS	COMPLETED	3040.0	18739.2	1109.6
PRELIMINARY_ANALYSIS	COMPLETED	3041.0	17305.6	1113.1
PRELIMINARY_ANALYSIS	COMPLETED	3096.0	15257.6	1106.4
PRELIMINARY_ANALYSIS	COMPLETED	3139.0	16998.4	1102.1
PRELIMINARY_ANALYSIS	COMPLETED	3139.0	16179.2	1112.3
PRELIMINARY_ANALYSIS	COMPLETED	3193.0	23961.6	1125.2
PRELIMINARY_ANALYSIS	COMPLETED	3212.0	19456.0	1117.5
PRELIMINARY_ANALYSIS	COMPLETED	3222.0	19148.8	1131.4
PRELIMINARY_ANALYSIS	COMPLETED	3234.0	15769.6	1114.2
PRELIMINARY_ANALYSIS	COMPLETED	3248.0	16896.0	1111.9
PRELIMINARY_ANALYSIS	COMPLETED	3282.0	17612.8	1120.9
PRELIMINARY_ANALYSIS	COMPLETED	3292.0	18944.0	1127.4
PRELIMINARY_ANALYSIS	COMPLETED	3308.0	17920.0	1117.1
PRELIMINARY_ANALYSIS	COMPLETED	3347.0	17510.4	1125.2
PRELIMINARY_ANALYSIS	COMPLETED	3353.0	18329.6	1112.2
PRELIMINARY_ANALYSIS	COMPLETED	3352.0	19660.8	1125.2
PRELIMINARY_ANALYSIS	COMPLETED	3427.0	19456.0	1123.9
PRELIMINARY_ANALYSIS	COMPLETED	3442.0	19660.8	1127.7
PRELIMINARY_ANALYSIS	COMPLETED	3458.0	18329.6	1116.4
PRELIMINARY_ANALYSIS	COMPLETED	3462.0	21811.2	1129.7
PRELIMINARY_ANALYSIS	COMPLETED	3473.0	17715.2	1124.4
PRELIMINARY_ANALYSIS	COMPLETED	3504.0	17100.8	1109.2
PRELIMINARY_ANALYSIS	COMPLETED	3532.0	19456.0	1117.7
PRELIMINARY_ANALYSIS	COMPLETED	3574.0	19558.4	1118.8
PRELIMINARY_ANALYSIS	COMPLETED	3581.0	20070.4	1120.1
PRELIMINARY_ANALYSIS	COMPLETED	3588.0	17817.6	1120.1
PRELIMINARY_ANALYSIS	COMPLETED	3602.0	16691.2	1118.0
PRELIMINARY_ANALYSIS	COMPLETED	3604.0	18022.4	1124.5
PRELIMINARY_ANALYSIS	COMPLETED	3601.0	19660.8	1120.2
PRELIMINARY_ANALYSIS	COMPLETED	3635.0	18739.2	1117.3
PRELIMINARY_ANALYSIS	COMPLETED	3638.0	20070.4	1122.3
PRELIMINARY_ANALYSIS	COMPLETED	3674.0	20889.6	1124.0
PRELIMINARY_ANALYSIS	COMPLETED	3678.0	20582.4	1121.2
PRELIMINARY_ANALYSIS	COMPLETED	3702.0	18329.6	1119.3
PRELIMINARY_ANALYSIS	COMPLETED	3710.0	20992.0	1125.5
PRELIMINARY_ANALYSIS	COMPLETED	3718.0	19968.0	1128.2
PRELIMINARY_ANALYSIS	COMPLETED	3728.0	19660.8	1122.2
PRELIMINARY_ANALYSIS	COMPLETED	3743.0	20275.2	1121.1
PRELIMINARY_ANALYSIS	COMPLETED	3742.0	21504.0	1125.4
PRELIMINARY_ANALYSIS	COMPLETED	3797.0	17100.8	1110.8
PRELIMINARY_ANALYSIS	COMPLETED	3803.0	19353.6	1129.2
PRELIMINARY_ANALYSIS	COMPLETED	3808.0	20787.2	1128.4
PRELIMINARY_ANALYSIS	COMPLETED	3813.0	20684.8	1129.5
PRELIMINARY_ANALYSIS	COMPLETED	3834.0	20684.8	1119.8
PRELIMINARY_ANALYSIS	COMPLETED	3856.0	20377.6	1123.3
PRELIMINARY_ANALYSIS	COMPLETED	3943.0	18636.8	1130.1
PRELIMINARY_ANALYSIS	COMPLETED	3960.0	21606.4	1125.9
PRELIMINARY_ANALYSIS	COMPLETED	3968.0	20275.2	1125.6
PRELIMINARY_ANALYSIS	COMPLETED	3973.0	18227.2	1120.0
PRELIMINARY_ANALYSIS	COMPLETED	1750.0	16076.8	1098.4
PRELIMINARY_ANALYSIS	COMPLETED	4037.0	19046.4	1121.9
PRELIMINARY_ANALYSIS	COMPLETED	4054.0	20684.8	1125.4
PRELIMINARY_ANALYSIS	COMPLETED	4058.0	19660.8	1118.4
PRELIMINARY_ANALYSIS	COMPLETED	4079.0	21708.8	1119.6
PRELIMINARY_ANALYSIS	COMPLETED	4077.0	20172.8	1134.9
PRELIMINARY_ANALYSIS	COMPLETED	4132.0	19558.4	1131.3
PRELIMINARY_ANALYSIS	COMPLETED	4132.0	18636.8	1129.3
PRELIMINARY_ANALYSIS	COMPLETED	4148.0	20684.8	1129.7
PRELIMINARY_ANALYSIS	COMPLETED	4152.0	18432.0	1119.9
PRELIMINARY_ANALYSIS	COMPLETED	1835.0	15462.4	1101.8
PRELIMINARY_ANALYSIS	COMPLETED	4216.0	21811.2	1126.9
PRELIMINARY_ANALYSIS	COMPLETED	4224.0	17612.8	1125.2
PRELIMINARY_ANALYSIS	COMPLETED	4244.0	18124.8	1122.6
PRELIMINARY_ANALYSIS	COMPLETED	4243.0	19456.0	1128.1
PRELIMINARY_ANALYSIS	COMPLETED	2230.0	18329.6	1115.9
PRELIMINARY_ANALYSIS	COMPLETED	1990.0	15564.8	1101.1
PRELIMINARY_ANALYSIS	COMPLETED	4353.0	23040.0	1131.5
PRELIMINARY_ANALYSIS	COMPLETED	2130.0	15769.6	1110.8
PRELIMINARY_ANALYSIS	COMPLETED	4517.0	19353.6	1123.3
PRELIMINARY_ANALYSIS	COMPLETED	4535.0	19456.0	1108.9
PRELIMINARY_ANALYSIS	COMPLETED	2075.0	16691.2	1102.3
PRELIMINARY_ANALYSIS	COMPLETED	4577.0	19251.2	1122.2
PRELIMINARY_ANALYSIS	COMPLETED	4688.0	22630.4	1135.9
PRELIMINARY_ANALYSIS	COMPLETED	4798.0	19251.2	1119.3
PRELIMINARY_ANALYSIS	COMPLETED	2540.0	18739.2	1125.9
PRELIMINARY_ANALYSIS	COMPLETED	4900.0	18329.6	1129.0
PRELIMINARY_ANALYSIS	COMPLETED	2300.0	17715.2	1107.1
PRELIMINARY_ANALYSIS	COMPLETED	2500.0	18944.0	1121.8
PRELIMINARY_ANALYSIS	COMPLETED	2450.0	19558.4	1117.8
PRELIMINARY_ANALYSIS	COMPLETED	2550.0	18124.8	1108.0
PRELIMINARY_ANALYSIS	COMPLETED	2430.0	16588.8	1111.2
PRELIMINARY_ANALYSIS	COMPLETED	3315.0	16486.4	1107.8
PRELIMINARY_ANALYSIS	COMPLETED	5362.0	20070.4	1134.0
PRELIMINARY_ANALYSIS	COMPLETED	2580.0	19763.2	1122.8
PRELIMINARY_ANALYSIS	COMPLETED	2485.0	17715.2	1120.4
PRELIMINARY_ANALYSIS	COMPLETED	5468.0	19046.4	1119.6
PRELIMINARY_ANALYSIS	COMPLETED	5556.0	19558.4	1123.1
PRELIMINARY_ANALYSIS	COMPLETED	5557.0	19660.8	1120.9
PRELIMINARY_ANALYSIS	COMPLETED	2920.0	18534.4	1118.5
PRELIMINARY_ANALYSIS	COMPLETED	3025.0	18636.8	1127.8
PRELIMINARY_ANALYSIS	COMPLETED	5631.0	18124.8	1120.9
PRELIMINARY_ANALYSIS	COMPLETED	2615.0	16384.0	1105.4
PRELIMINARY_ANALYSIS	COMPLETED	3125.0	20172.8	1124.7
PRELIMINARY_ANALYSIS	COMPLETED	3575.0	18944.0	1125.8
PRELIMINARY_ANALYSIS	COMPLETED	2715.0	15052.8	1106.8
PRELIMINARY_ANALYSIS	COMPLETED	2870.0	18022.4	1099.2
PRELIMINARY_ANALYSIS	COMPLETED	2340.0	14540.8	1101.6
PRELIMINARY_ANALYSIS	COMPLETED	2420.0	17715.2	1119.8
PRELIMINARY_ANALYSIS	COMPLETED	2920.0	14745.6	1114.0
PRELIMINARY_ANALYSIS	COMPLETED	2585.0	16281.6	1116.6
PRELIMINARY_ANALYSIS	COMPLETED	2455.0	16896.0	1099.2
PRELIMINARY_ANALYSIS	COMPLETED	2945.0	18944.0	1124.2
PRELIMINARY_ANALYSIS	COMPLETED	2975.0	18432.0	1118.9
PRELIMINARY_ANALYSIS	COMPLETED	2560.0	17715.2	1108.7
PRELIMINARY_ANALYSIS	COMPLETED	1850.0	16384.0	1102.1
PRELIMINARY_ANALYSIS	COMPLETED	2650.0	15360.0	1108.0
PRELIMINARY_ANALYSIS	COMPLETED	2160.0	18022.4	1110.5
PRELIMINARY_ANALYSIS	COMPLETED	2675.0	17920.0	1106.4
PRELIMINARY_ANALYSIS	COMPLETED	3470.0	18739.2	1128.0
PRELIMINARY_ANALYSIS	COMPLETED	1840.0	16384.0	1097.4
PRELIMINARY_ANALYSIS	COMPLETED	2420.0	19148.8	1124.5
PRELIMINARY_ANALYSIS	COMPLETED	2855.0	16793.6	1105.8
PRELIMINARY_ANALYSIS	COMPLETED	3095.0	18534.4	1125.4
PRELIMINARY_ANALYSIS	COMPLETED	2730.0	15769.6	1102.8
PRELIMINARY_ANALYSIS	COMPLETED	2915.0	15360.0	1109.1
PRELIMINARY_ANALYSIS	COMPLETED	2775.0	16281.6	1102.4
PRELIMINARY_ANALYSIS	COMPLETED	3120.0	15872.0	1115.5
PRELIMINARY_ANALYSIS	COMPLETED	3320.0	17817.6	1119.1
PRELIMINARY_ANALYSIS	COMPLETED	2535.0	18739.2	1122.1
PRELIMINARY_ANALYSIS	COMPLETED	2070.0	16691.2	1108.3
PRELIMINARY_ANALYSIS	COMPLETED	3175.0	18739.2	1123.5
PRELIMINARY_ANALYSIS	COMPLETED	2315.0	18841.6	1119.1
PRELIMINARY_ANALYSIS	COMPLETED	2910.0	18432.0	1109.3
PRELIMINARY_ANALYSIS	COMPLETED	3585.0	18739.2	1125.1
PRELIMINARY_ANALYSIS	COMPLETED	3380.0	17920.0	1123.2
PRELIMINARY_ANALYSIS	COMPLETED	3440.0	18841.6	1122.4
PRELIMINARY_ANALYSIS	COMPLETED	3675.0	18739.2	1124.4
PRELIMINARY_ANALYSIS	COMPLETED	3360.0	18636.8	1118.6
PRELIMINARY_ANALYSIS	COMPLETED	2730.0	17305.6	1118.4
PRELIMINARY_ANALYSIS	COMPLETED	3560.0	19148.8	1119.0
PRELIMINARY_ANALYSIS	COMPLETED	3130.0	18022.4	1116.9
PRELIMINARY_ANALYSIS	COMPLETED	3375.0	19558.4	1123.7
PRELIMINARY_ANALYSIS	COMPLETED	4585.0	20684.8	1122.5
PRELIMINARY_ANALYSIS	COMPLETED	3715.0	18636.8	1128.2
PRELIMINARY_ANALYSIS	COMPLETED	3595.0	18636.8	1124.1
PRELIMINARY_ANALYSIS	COMPLETED	3260.0	20992.0	1114.9
PRELIMINARY_ANALYSIS	COMPLETED	3415.0	18329.6	1118.0
PRELIMINARY_ANALYSIS	COMPLETED	3890.0	17100.8	1120.5
PRELIMINARY_ANALYSIS	COMPLETED	3495.0	18944.0	1122.1
PRELIMINARY_ANALYSIS	COMPLETED	3495.0	18841.6	1123.9
PRELIMINARY_ANALYSIS	COMPLETED	2330.0	18739.2	1123.3
PRELIMINARY_ANALYSIS	COMPLETED	3330.0	17203.2	1104.8
PRELIMINARY_ANALYSIS	COMPLETED	3980.0	19353.6	1126.8
PRELIMINARY_ANALYSIS	COMPLETED	3655.0	18534.4	1129.5
PRELIMINARY_ANALYSIS	COMPLETED	2915.0	21606.4	1127.5
PRELIMINARY_ANALYSIS	COMPLETED	3485.0	18944.0	1123.6
PRELIMINARY_ANALYSIS	COMPLETED	3790.0	19558.4	1119.9
PRELIMINARY_ANALYSIS	COMPLETED	4135.0	20070.4	1121.3
PRELIMINARY_ANALYSIS	COMPLETED	2290.0	17408.0	1114.2
PRELIMINARY_ANALYSIS	COMPLETED	2065.0	16896.0	1111.5
PRELIMINARY_ANALYSIS	COMPLETED	3385.0	18636.8	1122.7
PRELIMINARY_ANALYSIS	COMPLETED	2360.0	19558.4	1121.1
PRELIMINARY_ANALYSIS	COMPLETED	3605.0	19660.8	1125.4
PRELIMINARY_ANALYSIS	COMPLETED	3370.0	18227.2	1109.3
PRELIMINARY_ANALYSIS	COMPLETED	3345.0	16998.4	1116.0
PRELIMINARY_ANALYSIS	COMPLETED	2700.0	18944.0	1125.5
PRELIMINARY_ANALYSIS	COMPLETED	3635.0	18944.0	1124.0
PRELIMINARY_ANALYSIS	COMPLETED	2415.0	18944.0	1120.9
PRELIMINARY_ANALYSIS	COMPLETED	3585.0	20377.6	1125.7
PRELIMINARY_ANALYSIS	COMPLETED	3865.0	19046.4	1133.7
PRELIMINARY_ANALYSIS	COMPLETED	3935.0	19046.4	1130.4
PRELIMINARY_ANALYSIS	COMPLETED	3870.0	19353.6	1130.2
PRELIMINARY_ANALYSIS	COMPLETED	3405.0	18329.6	1120.2
PRELIMINARY_ANALYSIS	COMPLETED	3275.0	18124.8	1115.3
PRELIMINARY_ANALYSIS	COMPLETED	3070.0	17203.2	1106.8
PRELIMINARY_ANALYSIS	COMPLETED	3190.0	16896.0	1118.5
PRELIMINARY_ANALYSIS	COMPLETED	2590.0	19046.4	1120.7
PRELIMINARY_ANALYSIS	COMPLETED	3965.0	20889.6	1127.0
PRELIMINARY_ANALYSIS	COMPLETED	3925.0	18329.6	1126.1
PRELIMINARY_ANALYSIS	COMPLETED	4380.0	19558.4	1112.8
PRELIMINARY_ANALYSIS	COMPLETED	2960.0	18841.6	1119.1
PRELIMINARY_ANALYSIS	COMPLETED	8242.0	18022.4	1117.4
PRELIMINARY_ANALYSIS	COMPLETED	5340.0	18636.8	1128.3
PRELIMINARY_ANALYSIS	COMPLETED	3120.0	18739.2	1123.4
PRELIMINARY_ANALYSIS	COMPLETED	4310.0	30412.8	1132.4
PRELIMINARY_ANALYSIS	COMPLETED	2025.0	16486.4	1110.2
PRELIMINARY_ANALYSIS	COMPLETED	2430.0	17920.0	1124.2
PRELIMINARY_ANALYSIS	COMPLETED	3810.0	20684.8	1128.0
PRELIMINARY_ANALYSIS	COMPLETED	2085.0	15872.0	1111.7
PRELIMINARY_ANALYSIS	COMPLETED	2505.0	19558.4	1124.8
PRELIMINARY_ANALYSIS	COMPLETED	4430.0	21708.8	1124.9
PRELIMINARY_ANALYSIS	COMPLETED	2800.0	15872.0	1118.6
PRELIMINARY_ANALYSIS	COMPLETED	2310.0	17817.6	1117.0
PRELIMINARY_ANALYSIS	COMPLETED	2420.0	18227.2	1122.3
PRELIMINARY_ANALYSIS	COMPLETED	3225.0	19148.8	1119.1
PRELIMINARY_ANALYSIS	COMPLETED	3180.0	19456.0	1127.1
PRELIMINARY_ANALYSIS	COMPLETED	2225.0	18022.4	1117.6
PRELIMINARY_ANALYSIS	COMPLETED	2210.0	18841.6	1118.0
PRELIMINARY_ANALYSIS	COMPLETED	2315.0	18124.8	1119.2
PRELIMINARY_ANALYSIS	COMPLETED	3495.0	18022.4	1127.2
PRELIMINARY_ANALYSIS	COMPLETED	2990.0	18841.6	1118.2
PRELIMINARY_ANALYSIS	COMPLETED	2785.0	16896.0	1104.1
PRELIMINARY_ANALYSIS	COMPLETED	2325.0	15769.6	1107.5
PRELIMINARY_ANALYSIS	COMPLETED	2170.0	16281.6	1113.6
PRELIMINARY_ANALYSIS	COMPLETED	3530.0	18534.4	1123.2
PRELIMINARY_ANALYSIS	COMPLETED	3300.0	20070.4	1126.8
PRELIMINARY_ANALYSIS	COMPLETED	3405.0	17715.2	1116.9
PRELIMINARY_ANALYSIS	COMPLETED	2975.0	17203.2	1116.3
PRELIMINARY_ANALYSIS	COMPLETED	2240.0	16588.8	1114.0
PRELIMINARY_ANALYSIS	COMPLETED	2470.0	17612.8	1119.6
PRELIMINARY_ANALYSIS	COMPLETED	3170.0	19251.2	1122.2
PRELIMINARY_ANALYSIS	COMPLETED	3050.0	17612.8	1110.2
PRELIMINARY_ANALYSIS	COMPLETED	5735.0	18432.0	1122.6
PRELIMINARY_ANALYSIS	COMPLETED	5355.0	21299.2	1132.8
PRELIMINARY_ANALYSIS	COMPLETED	2355.0	18022.4	1118.4
PRELIMINARY_ANALYSIS	COMPLETED	3135.0	16384.0	1118.1
PRELIMINARY_ANALYSIS	COMPLETED	3070.0	18739.2	1124.2
PRELIMINARY_ANALYSIS	COMPLETED	3475.0	20377.6	1130.4
PRELIMINARY_ANALYSIS	COMPLETED	3275.0	16691.2	1113.0
PRELIMINARY_ANALYSIS	COMPLETED	3390.0	19046.4	1119.8
PRELIMINARY_ANALYSIS	COMPLETED	2385.0	18944.0	1122.8
PRELIMINARY_ANALYSIS	COMPLETED	3055.0	16793.6	1112.5
PRELIMINARY_ANALYSIS	COMPLETED	2535.0	19046.4	1122.9
PRELIMINARY_ANALYSIS	COMPLETED	3215.0	17510.4	1122.5
PRELIMINARY_ANALYSIS	COMPLETED	3180.0	18022.4	1115.7
PRELIMINARY_ANALYSIS	COMPLETED	3070.0	15360.0	1113.4
PRELIMINARY_ANALYSIS	COMPLETED	2875.0	16691.2	1116.7
PRELIMINARY_ANALYSIS	COMPLETED	3175.0	18841.6	1126.5
PRELIMINARY_ANALYSIS	COMPLETED	3640.0	18124.8	1121.8
PRELIMINARY_ANALYSIS	COMPLETED	2520.0	18739.2	1122.3
PRELIMINARY_ANALYSIS	COMPLETED	3790.0	18944.0	1123.1
PRELIMINARY_ANALYSIS	COMPLETED	3320.0	17920.0	1123.1
PRELIMINARY_ANALYSIS	COMPLETED	3215.0	16691.2	1112.3
PRELIMINARY_ANALYSIS	COMPLETED	3980.0	19763.2	1128.3
PRELIMINARY_ANALYSIS	COMPLETED	3285.0	19251.2	1124.8
PRELIMINARY_ANALYSIS	COMPLETED	4585.0	17305.6	1123.3
PRELIMINARY_ANALYSIS	COMPLETED	4850.0	18739.2	1140.9
PRELIMINARY_ANALYSIS	COMPLETED	4790.0	17510.4	1134.9
PRELIMINARY_ANALYSIS	COMPLETED	4825.0	16588.8	1135.7
PRELIMINARY_ANALYSIS	COMPLETED	3435.0	17100.8	1117.5
PRELIMINARY_ANALYSIS	COMPLETED	3475.0	18636.8	1120.0
PRELIMINARY_ANALYSIS	COMPLETED	6915.0	20684.8	1136.6
PRELIMINARY_ANALYSIS	COMPLETED	3440.0	16998.4	1121.4
PRELIMINARY_ANALYSIS	COMPLETED	3950.0	19148.8	1129.6
PRELIMINARY_ANALYSIS	COMPLETED	5115.0	19353.6	1143.7
PRELIMINARY_ANALYSIS	COMPLETED	3585.0	18636.8	1122.1
PRELIMINARY_ANALYSIS	COMPLETED	3870.0	20070.4	1128.6
PRELIMINARY_ANALYSIS	COMPLETED	3965.0	19148.8	1125.6
PRELIMINARY_ANALYSIS	COMPLETED	3505.0	18432.0	1123.3
PRELIMINARY_ANALYSIS	COMPLETED	6885.0	18534.4	1139.9
PRELIMINARY_ANALYSIS	COMPLETED	3795.0	18432.0	1129.0
PRELIMINARY_ANALYSIS	COMPLETED	3580.0	18227.2	1120.7
PRELIMINARY_ANALYSIS	COMPLETED	3775.0	19456.0	1126.9
PRELIMINARY_ANALYSIS	COMPLETED	3950.0	18841.6	1127.9
PRELIMINARY_ANALYSIS	COMPLETED	3990.0	20582.4	1121.8
PRELIMINARY_ANALYSIS	COMPLETED	5050.0	19353.6	1125.3
PRELIMINARY_ANALYSIS	COMPLETED	5860.0	20377.6	1112.1
PRELIMINARY_ANALYSIS	COMPLETED	6230.0	21094.4	1132.2
PRELIMINARY_ANALYSIS	COMPLETED	8475.0	20070.4	1141.6
PRELIMINARY_ANALYSIS	COMPLETED	13061.0	20377.6	1157.9
PRELIMINARY_ANALYSIS	COMPLETED	6565.0	20684.8	1128.1
PRELIMINARY_ANALYSIS	COMPLETED	6270.0	19763.2	1128.6
PRELIMINARY_ANALYSIS	COMPLETED	5935.0	19148.8	1128.9
PRELIMINARY_ANALYSIS	COMPLETED	6620.0	19148.8	1130.8
PRELIMINARY_ANALYSIS	COMPLETED	15216.0	19865.6	1158.0
PRELIMINARY_ANALYSIS	COMPLETED	14055.0	21913.6	1165.1
ASSEMBLE_EMPIRICAL_LIBRARY	FAILED	1925.0		
ASSEMBLE_EMPIRICAL_LIBRARY	COMPLETED	2595.0	18432.0	401.0
INDIVIDUAL_ANALYSIS	COMPLETED	163.0	9728.0	881.4
INDIVIDUAL_ANALYSIS	COMPLETED	170.0	9113.6	1055.0
INDIVIDUAL_ANALYSIS	COMPLETED	180.0	9728.0	1041.3
INDIVIDUAL_ANALYSIS	COMPLETED	179.0	9523.2	1009.2
INDIVIDUAL_ANALYSIS	COMPLETED	178.0	9420.8	1011.5
INDIVIDUAL_ANALYSIS	COMPLETED	188.0	11161.6	986.7
INDIVIDUAL_ANALYSIS	COMPLETED	188.0	10444.8	985.8
INDIVIDUAL_ANALYSIS	COMPLETED	195.0	12288.0	885.7
INDIVIDUAL_ANALYSIS	COMPLETED	193.0	11366.4	980.2
INDIVIDUAL_ANALYSIS	COMPLETED	195.0	10240.0	838.8
INDIVIDUAL_ANALYSIS	COMPLETED	195.0	9113.6	876.7
INDIVIDUAL_ANALYSIS	COMPLETED	193.0	10854.4	1001.3
INDIVIDUAL_ANALYSIS	COMPLETED	193.0	10547.2	1015.0
INDIVIDUAL_ANALYSIS	COMPLETED	193.0	11468.8	982.2
INDIVIDUAL_ANALYSIS	COMPLETED	198.0	11468.8	995.7
INDIVIDUAL_ANALYSIS	COMPLETED	198.0	12697.6	993.4
INDIVIDUAL_ANALYSIS	COMPLETED	204.0	10342.4	862.6
INDIVIDUAL_ANALYSIS	COMPLETED	209.0	12288.0	995.6
INDIVIDUAL_ANALYSIS	COMPLETED	209.0	9318.4	1051.8
INDIVIDUAL_ANALYSIS	COMPLETED	209.0	9318.4	1034.1
INDIVIDUAL_ANALYSIS	COMPLETED	208.0	12595.2	992.0
INDIVIDUAL_ANALYSIS	COMPLETED	210.0	9932.8	877.7
INDIVIDUAL_ANALYSIS	COMPLETED	214.0	9625.6	1041.7
INDIVIDUAL_ANALYSIS	COMPLETED	214.0	9318.4	1044.9
INDIVIDUAL_ANALYSIS	COMPLETED	214.0	11366.4	1008.5
INDIVIDUAL_ANALYSIS	COMPLETED	214.0	9216.0	1022.3
INDIVIDUAL_ANALYSIS	COMPLETED	219.0	9523.2	1010.7
INDIVIDUAL_ANALYSIS	COMPLETED	219.0	10035.2	1031.6
INDIVIDUAL_ANALYSIS	COMPLETED	219.0	9830.4	1047.5
INDIVIDUAL_ANALYSIS	COMPLETED	224.0	10240.0	1018.8
INDIVIDUAL_ANALYSIS	COMPLETED	224.0	9420.8	1032.5
INDIVIDUAL_ANALYSIS	COMPLETED	224.0	11264.0	990.5
INDIVIDUAL_ANALYSIS	COMPLETED	224.0	10956.8	991.4
INDIVIDUAL_ANALYSIS	COMPLETED	228.0	7987.2	969.7
INDIVIDUAL_ANALYSIS	COMPLETED	229.0	10547.2	1016.7
INDIVIDUAL_ANALYSIS	COMPLETED	234.0	11264.0	894.2
INDIVIDUAL_ANALYSIS	COMPLETED	234.0	10444.8	1021.7
INDIVIDUAL_ANALYSIS	COMPLETED	234.0	11264.0	1003.4
INDIVIDUAL_ANALYSIS	COMPLETED	233.0	9216.0	1002.0
INDIVIDUAL_ANALYSIS	COMPLETED	234.0	10444.8	1018.4
INDIVIDUAL_ANALYSIS	COMPLETED	234.0	11468.8	1036.8
INDIVIDUAL_ANALYSIS	COMPLETED	239.0	10444.8	1023.0
INDIVIDUAL_ANALYSIS	COMPLETED	238.0	8806.4	1010.0
INDIVIDUAL_ANALYSIS	COMPLETED	239.0	11980.8	1013.4
INDIVIDUAL_ANALYSIS	COMPLETED	244.0	11161.6	1000.2
INDIVIDUAL_ANALYSIS	COMPLETED	244.0	12185.6	1027.3
INDIVIDUAL_ANALYSIS	COMPLETED	244.0	11776.0	986.2
INDIVIDUAL_ANALYSIS	COMPLETED	243.0	9420.8	1013.2
INDIVIDUAL_ANALYSIS	COMPLETED	244.0	11059.2	995.1
INDIVIDUAL_ANALYSIS	COMPLETED	248.0	8806.4	1044.1
INDIVIDUAL_ANALYSIS	COMPLETED	250.0	12697.6	895.9
INDIVIDUAL_ANALYSIS	COMPLETED	249.0	10752.0	1010.7
INDIVIDUAL_ANALYSIS	COMPLETED	249.0	11264.0	1034.9
INDIVIDUAL_ANALYSIS	COMPLETED	249.0	11673.6	996.5
INDIVIDUAL_ANALYSIS	COMPLETED	249.0	11980.8	986.6
INDIVIDUAL_ANALYSIS	COMPLETED	254.0	11673.6	979.4
INDIVIDUAL_ANALYSIS	COMPLETED	254.0	11468.8	994.5
INDIVIDUAL_ANALYSIS	COMPLETED	253.0	9728.0	966.5
INDIVIDUAL_ANALYSIS	COMPLETED	254.0	11673.6	1012.5
INDIVIDUAL_ANALYSIS	COMPLETED	253.0	9420.8	989.4
INDIVIDUAL_ANALYSIS	COMPLETED	253.0	10240.0	970.4
INDIVIDUAL_ANALYSIS	COMPLETED	255.0	12800.0	907.8
INDIVIDUAL_ANALYSIS	COMPLETED	254.0	11673.6	1039.5
INDIVIDUAL_ANALYSIS	COMPLETED	259.0	12697.6	845.3
INDIVIDUAL_ANALYSIS	COMPLETED	258.0	9728.0	1014.8
INDIVIDUAL_ANALYSIS	COMPLETED	259.0	11776.0	1022.0
INDIVIDUAL_ANALYSIS	COMPLETED	258.0	10137.6	978.6
INDIVIDUAL_ANALYSIS	COMPLETED	258.0	10444.8	995.2
INDIVIDUAL_ANALYSIS	COMPLETED	259.0	12902.4	984.3
INDIVIDUAL_ANALYSIS	COMPLETED	259.0	10956.8	997.6
INDIVIDUAL_ANALYSIS	COMPLETED	258.0	10854.4	1001.0
INDIVIDUAL_ANALYSIS	COMPLETED	264.0	10547.2	1013.4
INDIVIDUAL_ANALYSIS	COMPLETED	263.0	9728.0	989.8
INDIVIDUAL_ANALYSIS	COMPLETED	263.0	10444.8	973.9
INDIVIDUAL_ANALYSIS	COMPLETED	263.0	10342.4	1005.6
INDIVIDUAL_ANALYSIS	COMPLETED	263.0	9113.6	1019.6
INDIVIDUAL_ANALYSIS	COMPLETED	264.0	12185.6	1015.9
INDIVIDUAL_ANALYSIS	COMPLETED	263.0	9932.8	959.3
INDIVIDUAL_ANALYSIS	COMPLETED	268.0	10342.4	969.6
INDIVIDUAL_ANALYSIS	COMPLETED	268.0	9420.8	977.2
INDIVIDUAL_ANALYSIS	COMPLETED	273.0	10035.2	988.9
INDIVIDUAL_ANALYSIS	COMPLETED	274.0	12390.4	1022.5
INDIVIDUAL_ANALYSIS	COMPLETED	273.0	11673.6	990.3
INDIVIDUAL_ANALYSIS	COMPLETED	273.0	9932.8	990.4
INDIVIDUAL_ANALYSIS	COMPLETED	274.0	9523.2	994.2
INDIVIDUAL_ANALYSIS	COMPLETED	273.0	10649.6	977.7
INDIVIDUAL_ANALYSIS	COMPLETED	278.0	12288.0	993.8
INDIVIDUAL_ANALYSIS	COMPLETED	278.0	11571.2	982.3
INDIVIDUAL_ANALYSIS	COMPLETED	278.0	9728.0	1002.9
INDIVIDUAL_ANALYSIS	COMPLETED	278.0	9932.8	1005.0
INDIVIDUAL_ANALYSIS	COMPLETED	283.0	11980.8	997.8
INDIVIDUAL_ANALYSIS	COMPLETED	283.0	11571.2	983.8
INDIVIDUAL_ANALYSIS	COMPLETED	283.0	11673.6	1001.5
INDIVIDUAL_ANALYSIS	COMPLETED	283.0	10342.4	1019.6
INDIVIDUAL_ANALYSIS	COMPLETED	283.0	11264.0	991.2
INDIVIDUAL_ANALYSIS	COMPLETED	283.0	12492.8	987.4
INDIVIDUAL_ANALYSIS	COMPLETED	289.0	10444.8	1011.3
INDIVIDUAL_ANALYSIS	COMPLETED	293.0	11571.2	1012.5
INDIVIDUAL_ANALYSIS	COMPLETED	298.0	10854.4	1014.4
INDIVIDUAL_ANALYSIS	COMPLETED	135.0	10035.2	1039.6
INDIVIDUAL_ANALYSIS	COMPLETED	303.0	9932.8	1027.8
INDIVIDUAL_ANALYSIS	COMPLETED	124.0	9830.4	1021.8
INDIVIDUAL_ANALYSIS	COMPLETED	124.0	11878.4	1004.8
INDIVIDUAL_ANALYSIS	COMPLETED	114.0	9728.0	993.8
INDIVIDUAL_ANALYSIS	COMPLETED	114.0	10137.6	988.7
INDIVIDUAL_ANALYSIS	COMPLETED	120.0	9728.0	985.4
INDIVIDUAL_ANALYSIS	COMPLETED	124.0	11161.6	981.4
INDIVIDUAL_ANALYSIS	COMPLETED	140.0	11468.8	995.0
INDIVIDUAL_ANALYSIS	COMPLETED	130.0	11161.6	978.3
INDIVIDUAL_ANALYSIS	COMPLETED	139.0	11161.6	1010.1
INDIVIDUAL_ANALYSIS	COMPLETED	145.0	9728.0	1022.4
INDIVIDUAL_ANALYSIS	COMPLETED	149.0	11673.6	998.4
INDIVIDUAL_ANALYSIS	COMPLETED	130.0	9523.2	1002.2
INDIVIDUAL_ANALYSIS	COMPLETED	175.0	9830.4	1025.5
INDIVIDUAL_ANALYSIS	COMPLETED	169.0	9318.4	1018.4
INDIVIDUAL_ANALYSIS	COMPLETED	169.0	9625.6	994.9
INDIVIDUAL_ANALYSIS	COMPLETED	185.0	9728.0	1032.1
INDIVIDUAL_ANALYSIS	COMPLETED	140.0	7372.8	1026.8
INDIVIDUAL_ANALYSIS	COMPLETED	155.0	11776.0	1023.9
INDIVIDUAL_ANALYSIS	COMPLETED	170.0	8908.8	1052.5
INDIVIDUAL_ANALYSIS	COMPLETED	165.0	9420.8	1039.7
INDIVIDUAL_ANALYSIS	COMPLETED	170.0	9830.4	1012.0
INDIVIDUAL_ANALYSIS	COMPLETED	129.0	9625.6	992.2
INDIVIDUAL_ANALYSIS	COMPLETED	110.0	9113.6	1001.6
INDIVIDUAL_ANALYSIS	COMPLETED	185.0	10137.6	1027.3
INDIVIDUAL_ANALYSIS	COMPLETED	195.0	11468.8	995.3
INDIVIDUAL_ANALYSIS	COMPLETED	148.0	10752.0	973.1
INDIVIDUAL_ANALYSIS	COMPLETED	153.0	10444.8	999.9
INDIVIDUAL_ANALYSIS	COMPLETED	190.0	9625.6	966.0
INDIVIDUAL_ANALYSIS	COMPLETED	174.0	11264.0	971.7
INDIVIDUAL_ANALYSIS	COMPLETED	205.0	11059.2	1025.3
INDIVIDUAL_ANALYSIS	COMPLETED	195.0	10752.0	1023.5
INDIVIDUAL_ANALYSIS	COMPLETED	205.0	11161.6	995.9
INDIVIDUAL_ANALYSIS	COMPLETED	195.0	9932.8	977.6
INDIVIDUAL_ANALYSIS	COMPLETED	190.0	11571.2	986.8
INDIVIDUAL_ANALYSIS	COMPLETED	147.0	11366.4	1022.9
INDIVIDUAL_ANALYSIS	COMPLETED	115.0	10035.2	1000.0
INDIVIDUAL_ANALYSIS	COMPLETED	173.0	9523.2	966.5
INDIVIDUAL_ANALYSIS	COMPLETED	195.0	11059.2	945.5
INDIVIDUAL_ANALYSIS	COMPLETED	154.0	9113.6	1047.3
INDIVIDUAL_ANALYSIS	COMPLETED	215.0	11571.2	1000.0
INDIVIDUAL_ANALYSIS	COMPLETED	185.0	9932.8	975.1
INDIVIDUAL_ANALYSIS	COMPLETED	166.0	10956.8	996.5
INDIVIDUAL_ANALYSIS	COMPLETED	163.0	8192.0	1021.5
INDIVIDUAL_ANALYSIS	COMPLETED	193.0	10854.4	1006.1
INDIVIDUAL_ANALYSIS	COMPLETED	130.0	9830.4	1011.8
INDIVIDUAL_ANALYSIS	COMPLETED	125.0	10752.0	992.6
INDIVIDUAL_ANALYSIS	COMPLETED	150.0	10752.0	1022.4
INDIVIDUAL_ANALYSIS	COMPLETED	130.0	10854.4	978.6
INDIVIDUAL_ANALYSIS	COMPLETED	178.0	9318.4	1009.3
INDIVIDUAL_ANALYSIS	COMPLETED	210.0	10956.8	1031.3
INDIVIDUAL_ANALYSIS	COMPLETED	199.0	10752.0	1011.9
INDIVIDUAL_ANALYSIS	COMPLETED	174.0	11468.8	1000.0
INDIVIDUAL_ANALYSIS	COMPLETED	173.0	11980.8	1001.1
INDIVIDUAL_ANALYSIS	COMPLETED	184.0	9523.2	1018.5
INDIVIDUAL_ANALYSIS	COMPLETED	200.0	10649.6	1011.4
INDIVIDUAL_ANALYSIS	COMPLETED	204.0	10752.0	1018.6
INDIVIDUAL_ANALYSIS	COMPLETED	184.0	9728.0	1007.5
INDIVIDUAL_ANALYSIS	COMPLETED	199.0	11366.4	966.0
INDIVIDUAL_ANALYSIS	COMPLETED	200.0	11366.4	1000.4
INDIVIDUAL_ANALYSIS	COMPLETED	110.0	9728.0	967.5
INDIVIDUAL_ANALYSIS	COMPLETED	192.0	9830.4	1005.2
INDIVIDUAL_ANALYSIS	COMPLETED	215.0	10956.8	958.8
INDIVIDUAL_ANALYSIS	COMPLETED	199.0	9728.0	1000.9
INDIVIDUAL_ANALYSIS	COMPLETED	209.0	11059.2	1018.4
INDIVIDUAL_ANALYSIS	COMPLETED	187.0	9830.4	1020.9
INDIVIDUAL_ANALYSIS	COMPLETED	187.0	9625.6	966.3
INDIVIDUAL_ANALYSIS	COMPLETED	175.0	10137.6	991.8
INDIVIDUAL_ANALYSIS	COMPLETED	193.0	9830.4	1015.7
INDIVIDUAL_ANALYSIS	COMPLETED	205.0	10854.4	976.7
INDIVIDUAL_ANALYSIS	COMPLETED	213.0	10956.8	979.8
INDIVIDUAL_ANALYSIS	COMPLETED	180.0	11468.8	995.8
INDIVIDUAL_ANALYSIS	COMPLETED	165.0	11366.4	1014.8
INDIVIDUAL_ANALYSIS	COMPLETED	196.0	11264.0	995.0
INDIVIDUAL_ANALYSIS	COMPLETED	203.0	10854.4	949.0
INDIVIDUAL_ANALYSIS	COMPLETED	194.0	10035.2	997.4
INDIVIDUAL_ANALYSIS	COMPLETED	208.0	11366.4	1007.3
INDIVIDUAL_ANALYSIS	COMPLETED	212.0	11264.0	995.0
INDIVIDUAL_ANALYSIS	COMPLETED	194.0	10035.2	971.3
INDIVIDUAL_ANALYSIS	COMPLETED	205.0	11980.8	1004.1
INDIVIDUAL_ANALYSIS	COMPLETED	204.0	11161.6	994.7
INDIVIDUAL_ANALYSIS	COMPLETED	212.0	11468.8	983.1
INDIVIDUAL_ANALYSIS	COMPLETED	140.0	10956.8	988.2
INDIVIDUAL_ANALYSIS	COMPLETED	195.0	9728.0	978.9
INDIVIDUAL_ANALYSIS	COMPLETED	207.0	10137.6	1011.9
INDIVIDUAL_ANALYSIS	COMPLETED	190.0	9932.8	999.5
INDIVIDUAL_ANALYSIS	COMPLETED	170.0	10547.2	1017.7
INDIVIDUAL_ANALYSIS	COMPLETED	218.0	11161.6	1032.8
INDIVIDUAL_ANALYSIS	COMPLETED	209.0	11059.2	986.0
INDIVIDUAL_ANALYSIS	COMPLETED	135.0	10649.6	1015.8
INDIVIDUAL_ANALYSIS	COMPLETED	205.0	10240.0	983.6
INDIVIDUAL_ANALYSIS	COMPLETED	185.0	10035.2	987.2
INDIVIDUAL_ANALYSIS	COMPLETED	200.0	9625.6	1021.5
INDIVIDUAL_ANALYSIS	COMPLETED	223.0	11878.4	993.3
INDIVIDUAL_ANALYSIS	COMPLETED	145.0	11366.4	1029.6
INDIVIDUAL_ANALYSIS	COMPLETED	205.0	9932.8	1005.8
INDIVIDUAL_ANALYSIS	COMPLETED	125.0	10240.0	1038.6
INDIVIDUAL_ANALYSIS	COMPLETED	145.0	11366.4	1014.3
INDIVIDUAL_ANALYSIS	COMPLETED	220.0	11980.8	993.5
INDIVIDUAL_ANALYSIS	COMPLETED	190.0	9216.0	1058.9
INDIVIDUAL_ANALYSIS	COMPLETED	160.0	10956.8	1006.7
INDIVIDUAL_ANALYSIS	COMPLETED	215.0	10240.0	1001.4
INDIVIDUAL_ANALYSIS	COMPLETED	115.0	10240.0	997.6
INDIVIDUAL_ANALYSIS	COMPLETED	230.0	10956.8	1013.0
INDIVIDUAL_ANALYSIS	COMPLETED	220.0	9830.4	1020.9
INDIVIDUAL_ANALYSIS	COMPLETED	220.0	10240.0	1021.5
INDIVIDUAL_ANALYSIS	COMPLETED	225.0	12083.2	1010.8
INDIVIDUAL_ANALYSIS	COMPLETED	244.0	12800.0	1023.8
INDIVIDUAL_ANALYSIS	COMPLETED	242.0	11673.6	1008.6
INDIVIDUAL_ANALYSIS	COMPLETED	247.0	12595.2	1008.0
INDIVIDUAL_ANALYSIS	COMPLETED	180.0	9728.0	1036.9
INDIVIDUAL_ANALYSIS	COMPLETED	135.0	9420.8	1009.9
INDIVIDUAL_ANALYSIS	COMPLETED	160.0	9830.4	987.2
INDIVIDUAL_ANALYSIS	COMPLETED	269.0	11366.4	1003.4
INDIVIDUAL_ANALYSIS	COMPLETED	210.0	11059.2	1023.6
INDIVIDUAL_ANALYSIS	COMPLETED	165.0	9932.8	1012.6
INDIVIDUAL_ANALYSIS	COMPLETED	225.0	11776.0	1028.3
INDIVIDUAL_ANALYSIS	COMPLETED	170.0	9420.8	1044.4
INDIVIDUAL_ANALYSIS	COMPLETED	265.0	12185.6	1011.6
INDIVIDUAL_ANALYSIS	COMPLETED	145.0	10547.2	990.4
INDIVIDUAL_ANALYSIS	COMPLETED	130.0	10444.8	1002.3
INDIVIDUAL_ANALYSIS	COMPLETED	115.0	9625.6	944.4
INDIVIDUAL_ANALYSIS	COMPLETED	170.0	9420.8	1040.2
INDIVIDUAL_ANALYSIS	COMPLETED	190.0	10137.6	1017.6
INDIVIDUAL_ANALYSIS	COMPLETED	235.0	10854.4	1039.2
INDIVIDUAL_ANALYSIS	COMPLETED	135.0	9625.6	966.8
INDIVIDUAL_ANALYSIS	COMPLETED	130.0	8908.8	1001.4
INDIVIDUAL_ANALYSIS	COMPLETED	119.0	9420.8	959.1
INDIVIDUAL_ANALYSIS	COMPLETED	140.0	10342.4	985.7
INDIVIDUAL_ANALYSIS	COMPLETED	160.0	10956.8	994.5
INDIVIDUAL_ANALYSIS	COMPLETED	109.0	8908.8	1026.2
INDIVIDUAL_ANALYSIS	COMPLETED	165.0	10752.0	1005.2
INDIVIDUAL_ANALYSIS	COMPLETED	155.0	9728.0	990.8
INDIVIDUAL_ANALYSIS	COMPLETED	140.0	9830.4	986.1
INDIVIDUAL_ANALYSIS	COMPLETED	140.0	11161.6	986.5
INDIVIDUAL_ANALYSIS	COMPLETED	195.0	10752.0	1024.4
INDIVIDUAL_ANALYSIS	COMPLETED	155.0	9011.2	1019.0
INDIVIDUAL_ANALYSIS	COMPLETED	143.0	9523.2	978.7
INDIVIDUAL_ANALYSIS	COMPLETED	125.0	10854.4	1001.3
INDIVIDUAL_ANALYSIS	COMPLETED	190.0	9523.2	1004.3
INDIVIDUAL_ANALYSIS	COMPLETED	144.0	9216.0	1000.5
INDIVIDUAL_ANALYSIS	COMPLETED	165.0	10752.0	998.3
INDIVIDUAL_ANALYSIS	COMPLETED	210.0	11468.8	1033.3
INDIVIDUAL_ANALYSIS	COMPLETED	175.0	10035.2	964.4
INDIVIDUAL_ANALYSIS	COMPLETED	200.0	10752.0	1027.4
INDIVIDUAL_ANALYSIS	COMPLETED	180.0	10035.2	1012.6
INDIVIDUAL_ANALYSIS	COMPLETED	190.0	10035.2	987.5
INDIVIDUAL_ANALYSIS	COMPLETED	190.0	9625.6	1032.6
INDIVIDUAL_ANALYSIS	COMPLETED	145.0	10444.8	1056.0
INDIVIDUAL_ANALYSIS	COMPLETED	195.0	10547.2	1001.1
INDIVIDUAL_ANALYSIS	COMPLETED	185.0	9728.0	993.8
INDIVIDUAL_ANALYSIS	COMPLETED	160.0	9216.0	1014.7
INDIVIDUAL_ANALYSIS	COMPLETED	169.0	9216.0	1042.5
INDIVIDUAL_ANALYSIS	COMPLETED	210.0	11571.2	1007.5
INDIVIDUAL_ANALYSIS	COMPLETED	159.0	11161.6	1013.8
INDIVIDUAL_ANALYSIS	COMPLETED	200.0	10752.0	1024.8
INDIVIDUAL_ANALYSIS	COMPLETED	190.0	10649.6	1002.7
INDIVIDUAL_ANALYSIS	COMPLETED	188.0	9318.4	997.7
INDIVIDUAL_ANALYSIS	COMPLETED	168.0	9011.2	1038.3
INDIVIDUAL_ANALYSIS	COMPLETED	205.0	10752.0	1001.0
INDIVIDUAL_ANALYSIS	COMPLETED	184.0	9625.6	974.1
INDIVIDUAL_ANALYSIS	COMPLETED	195.0	10137.6	1003.3
INDIVIDUAL_ANALYSIS	COMPLETED	200.0	10752.0	1030.7
INDIVIDUAL_ANALYSIS	COMPLETED	190.0	10547.2	992.4
INDIVIDUAL_ANALYSIS	COMPLETED	194.0	10854.4	983.2
INDIVIDUAL_ANALYSIS	COMPLETED	189.0	9728.0	1017.3
INDIVIDUAL_ANALYSIS	COMPLETED	185.0	9420.8	1025.3
INDIVIDUAL_ANALYSIS	COMPLETED	189.0	9523.2	1010.9
INDIVIDUAL_ANALYSIS	COMPLETED	199.0	9523.2	1015.4
INDIVIDUAL_ANALYSIS	COMPLETED	203.0	10547.2	1023.6
INDIVIDUAL_ANALYSIS	COMPLETED	209.0	11161.6	1027.8
INDIVIDUAL_ANALYSIS	COMPLETED	204.0	10854.4	1026.3
INDIVIDUAL_ANALYSIS	COMPLETED	199.0	10547.2	1025.0
INDIVIDUAL_ANALYSIS	COMPLETED	199.0	10854.4	1021.7
INDIVIDUAL_ANALYSIS	COMPLETED	194.0	11161.6	990.8
INDIVIDUAL_ANALYSIS	COMPLETED	199.0	10854.4	1001.1
INDIVIDUAL_ANALYSIS	COMPLETED	219.0	11264.0	1017.9
INDIVIDUAL_ANALYSIS	COMPLETED	224.0	11571.2	1035.1
INDIVIDUAL_ANALYSIS	COMPLETED	214.0	11059.2	1018.8
FINAL_QUANTIFICATION	COMPLETED	229.0	16588.8	464.2
DIANN_MSSTATS	COMPLETED	80.0	6246.4	95.3
SUMMARY_PIPELINE	COMPLETED	1640.0	33587.2	93.2
